mes,pais,fuente,estado,n
2026-01,,Facebook Ads,Contacto no calificado - Negocio Prohibido,1
2026-01,,Facebook Ads,No les interesa (Solo quieren Información),3
2026-01,,Facebook Ads,No contesta,11
2026-01,,Facebook Ads,Contacto Duplicado,1
2026-01,,Facebook Ads,No tiene listo el negocio,1
2026-01,,Facebook Ads,No tiene regimen,1
2026-01,,Facebook Ads,Información plan FREE,1
2026-01,,Meta Ads,Contacto no Calificado - No cuenta con RTU,3
2026-01,,Meta Ads,Contacto no calificado - Negocio Prohibido,2
2026-01,,Meta Ads,No les interesa (Solo quieren Información),7
2026-01,,Meta Ads,No contesta,10
2026-01,,Meta Ads,Sin Datos,4
2026-01,,Meta Ads,No tiene listo el negocio,7
2026-01,,Meta Ads,No tiene regimen,15
2026-01,,Meta Ads,SPAM,1
2026-01,,Meta Ads,No tiene plata suficiente para invertir,1
2026-01,Guatemala,Llamada en Frio,No contesta,1
2026-01,Guatemala,Página web,No contesta,1
2026-01,Guatemala,Página web,SPAM,5
2026-01,Guatemala,Página web,Contactar por IA,1
2026-01,Guatemala,Chat / WhatsApp,Contacto ya es Cliente - Requiere Soporte,1
2026-01,Guatemala,Chat / WhatsApp,No contesta,2
2026-01,Guatemala,Cliente se comunicó,No les interesa (Solo quieren Información),1
2026-01,Guatemala,Meta Ads,Contacto no Calificado - No cuenta con RTU,1
2026-01,Guatemala,Meta Ads,Contacto no calificado - Negocio Prohibido,1
2026-01,Guatemala,Meta Ads,No les interesa (Solo quieren Información),30
2026-01,Guatemala,Meta Ads,No contesta,43
2026-01,Guatemala,Meta Ads,Contacto Duplicado,5
2026-01,Guatemala,Meta Ads,Contacto no Calificado - No tiene RRSS o página Web,4
2026-01,Guatemala,Meta Ads,Ya contactó con otra pasarela de pago,6
2026-01,Guatemala,Meta Ads,No tiene listo el negocio,8
2026-01,Guatemala,Meta Ads,No tiene regimen,18
2026-01,Guatemala,Meta Ads,Información plan FREE,1
2026-01,Guatemala,Meta Ads,No tiene plata suficiente para invertir,3
2026-01,Guatemala,Meta Ads,Cuotas Banrural e Industrial,2
2026-01,Guatemala,Meta Ads,Necesita POS físico,1
2026-01,Guatemala,Meta Ads,Número Incorrecto,3
2026-01,El Salvador,Meta Ads,No contesta,1
2026-01,El Salvador,Meta Ads,No tiene regimen,1
2026-01,El Salvador,Meta Ads,El Salvador Seguimiento,1
2026-02,,Página web,No les interesa (Solo quieren Información),5
2026-02,,Página web,No contesta,4
2026-02,,Página web,Contacto Duplicado,8
2026-02,,Página web,SPAM,1
2026-02,Guatemala,Llamada en Frio,Contacto Duplicado,2
2026-02,Guatemala,Página web,No les interesa (Solo quieren Información),1
2026-02,Guatemala,Chat / WhatsApp,No contesta,1
2026-02,Guatemala,Cliente se comunicó,No contesta,2
2026-02,Guatemala,Cliente se comunicó,Contacto Duplicado,1
2026-02,Guatemala,Meta Ads,Contacto no calificado,1
2026-02,Guatemala,Meta Ads,Contacto no calificado - Negocio Prohibido,4
2026-02,Guatemala,Meta Ads,Contacto ya es Cliente - Requiere Soporte,1
2026-02,Guatemala,Meta Ads,No les interesa (Solo quieren Información),26
2026-02,Guatemala,Meta Ads,No contesta,38
2026-02,Guatemala,Meta Ads,Contacto Duplicado,1
2026-02,Guatemala,Meta Ads,Contacto no Calificado - No tiene RRSS o página Web,5
2026-02,Guatemala,Meta Ads,Ya contactó con otra pasarela de pago,10
2026-02,Guatemala,Meta Ads,No tiene listo el negocio,12
2026-02,Guatemala,Meta Ads,No tiene regimen,15
2026-02,Guatemala,Meta Ads,SPAM,1
2026-02,Guatemala,Meta Ads,Información plan FREE,1
2026-02,Guatemala,Meta Ads,Necesita POS físico,4
2026-02,Guatemala,Meta Ads,Número Incorrecto,3
2026-02,Guatemala,Meta Ads,tasa de comisión muy alta Salv,1
2026-02,El Salvador,Página web,Contactado,1
2026-02,El Salvador,Facebook Lead,No les interesa (Solo quieren Información),35
2026-02,El Salvador,Facebook Lead,No contesta,27
2026-02,El Salvador,Facebook Lead,Ya contactó con otra pasarela de pago,6
2026-02,El Salvador,Facebook Lead,No tiene listo el negocio,1
2026-02,El Salvador,Facebook Lead,No tiene regimen,1
2026-02,El Salvador,Facebook Lead,SPAM,3
2026-02,El Salvador,Facebook Lead,Información plan FREE,10
2026-02,El Salvador,Facebook Lead,En Seguimiento,43
2026-02,El Salvador,Facebook Lead,El Salvador Seguimiento,7
2026-02,El Salvador,Facebook Lead,Número Incorrecto,1
2026-02,El Salvador,Facebook Lead,No quiere aperturar cuenta en el banco atlantida,2
2026-02,El Salvador,Facebook Lead,tasa de comisión muy alta Salv,2
2026-02,El Salvador,Meta Ads,No les interesa (Solo quieren Información),16
2026-02,El Salvador,Meta Ads,No contesta,17
2026-02,El Salvador,Meta Ads,Ya contactó con otra pasarela de pago,1
2026-02,El Salvador,Meta Ads,No tiene listo el negocio,1
2026-02,El Salvador,Meta Ads,SPAM,1
2026-02,El Salvador,Meta Ads,Información plan FREE,4
2026-02,El Salvador,Meta Ads,En Seguimiento,22
2026-02,El Salvador,Meta Ads,El Salvador Seguimiento,4
2026-02,El Salvador,Meta Ads,Número Incorrecto,1
2026-02,El Salvador,Meta Ads,No quiere aperturar cuenta en el banco atlantida,2
2026-02,El Salvador,Meta Ads,tasa de comisión muy alta Salv,4
2026-02,El Salvador,Meta Ads,En Seguimiento ICP,2
2026-03,,Página web,No les interesa (Solo quieren Información),1
2026-03,,Página web,Contacto Duplicado,1
2026-03,Guatemala,Referido,No contesta,1
2026-03,Guatemala,Referido,En Seguimiento,1
2026-03,Guatemala,Partner,No contesta,1
2026-03,Guatemala,Página web,Contacto no Calificado - No cuenta con RTU,1
2026-03,Guatemala,Página web,No contesta,1
2026-03,Guatemala,Chat / WhatsApp,No les interesa (Solo quieren Información),1
2026-03,Guatemala,Cliente se comunicó,No les interesa (Solo quieren Información),2
2026-03,Guatemala,Meta Ads,Contacto no Calificado - No cuenta con RTU,1
2026-03,Guatemala,Meta Ads,Contacto no calificado - Negocio Prohibido,9
2026-03,Guatemala,Meta Ads,Contacto ya es Cliente - Requiere Soporte,1
2026-03,Guatemala,Meta Ads,No les interesa (Solo quieren Información),58
2026-03,Guatemala,Meta Ads,No contesta,67
2026-03,Guatemala,Meta Ads,Contacto Duplicado,2
2026-03,Guatemala,Meta Ads,Ya contactó con otra pasarela de pago,22
2026-03,Guatemala,Meta Ads,No tiene listo el negocio,7
2026-03,Guatemala,Meta Ads,No tiene regimen,14
2026-03,Guatemala,Meta Ads,Información plan FREE,3
2026-03,Guatemala,Meta Ads,Necesita POS físico,5
2026-03,Guatemala,Meta Ads,Número Incorrecto,2
2026-03,El Salvador,Página web,Pre Calificado,2
2026-03,El Salvador,Facebook Lead,No les interesa (Solo quieren Información),8
2026-03,El Salvador,Facebook Lead,No contesta,1
2026-03,El Salvador,Facebook Lead,Ya contactó con otra pasarela de pago,1
2026-03,El Salvador,Facebook Lead,SPAM,1
2026-03,El Salvador,Facebook Lead,En Seguimiento,6
2026-03,El Salvador,Facebook Lead,tasa de comisión muy alta Salv,2
2026-03,El Salvador,Meta Ads,No les interesa (Solo quieren Información),42
2026-03,El Salvador,Meta Ads,No contesta,38
2026-03,El Salvador,Meta Ads,Sin Datos,2
2026-03,El Salvador,Meta Ads,Ya contactó con otra pasarela de pago,2
2026-03,El Salvador,Meta Ads,No tiene listo el negocio,1
2026-03,El Salvador,Meta Ads,Información plan FREE,16
2026-03,El Salvador,Meta Ads,No tiene plata suficiente para invertir,2
2026-03,El Salvador,Meta Ads,En Seguimiento,276
2026-03,El Salvador,Meta Ads,Número Incorrecto,3
2026-03,El Salvador,Meta Ads,No quiere aperturar cuenta en el banco atlantida,6
2026-03,El Salvador,Meta Ads,tasa de comisión muy alta Salv,11
2026-03,El Salvador,Meta Ads,En Seguimiento ICP,43
2026-04,,Página web,Contacto Duplicado,1
2026-04,Guatemala,Llamada en Frio,No contesta,2
2026-04,Guatemala,Página web,Contacto no calificado - Negocio Prohibido,1
2026-04,Guatemala,Página web,No contesta,1
2026-04,Guatemala,Meta Ads,Contacto no calificado - Negocio Prohibido,7
2026-04,Guatemala,Meta Ads,No les interesa (Solo quieren Información),20
2026-04,Guatemala,Meta Ads,No contesta,46
2026-04,Guatemala,Meta Ads,Ya contactó con otra pasarela de pago,8
2026-04,Guatemala,Meta Ads,No tiene listo el negocio,3
2026-04,Guatemala,Meta Ads,No tiene regimen,7
2026-04,Guatemala,Meta Ads,Información plan FREE,2
2026-04,Guatemala,Meta Ads,No tiene plata suficiente para invertir,4
2026-04,Guatemala,Meta Ads,Necesita POS físico,2
2026-04,Guatemala,Meta Ads,Número Incorrecto,3
2026-04,El Salvador,Instagram DM,En Seguimiento,1
2026-04,El Salvador,Meta Ads,Contactado,1
2026-04,El Salvador,Meta Ads,Contacto no calificado,1
2026-04,El Salvador,Meta Ads,Contacto no calificado - Negocio Prohibido,2
2026-04,El Salvador,Meta Ads,No les interesa (Solo quieren Información),119
2026-04,El Salvador,Meta Ads,No contesta,98
2026-04,El Salvador,Meta Ads,Sin Datos,5
2026-04,El Salvador,Meta Ads,Ya contactó con otra pasarela de pago,7
2026-04,El Salvador,Meta Ads,SPAM,6
2026-04,El Salvador,Meta Ads,Información plan FREE,153
2026-04,El Salvador,Meta Ads,No tiene plata suficiente para invertir,6
2026-04,El Salvador,Meta Ads,En Seguimiento,87
2026-04,El Salvador,Meta Ads,El Salvador Seguimiento,1
2026-04,El Salvador,Meta Ads,Número Incorrecto,6
2026-04,El Salvador,Meta Ads,No quiere aperturar cuenta en el banco atlantida,32
2026-04,El Salvador,Meta Ads,tasa de comisión muy alta Salv,36
2026-04,El Salvador,Meta Ads,En Seguimiento ICP,23
2026-05,Guatemala,Página web,Contactado,1
2026-05,Guatemala,Chat / WhatsApp,Contacto no calificado - Negocio Prohibido,1
2026-05,Guatemala,Chat / WhatsApp,No contesta,1
2026-05,Guatemala,Meta Ads,Contactado,1
2026-05,Guatemala,Meta Ads,Contacto no calificado - Negocio Prohibido,2
2026-05,Guatemala,Meta Ads,Contacto ya es Cliente - Requiere Soporte,1
2026-05,Guatemala,Meta Ads,No les interesa (Solo quieren Información),38
2026-05,Guatemala,Meta Ads,No contesta,55
2026-05,Guatemala,Meta Ads,Sin Datos,1
2026-05,Guatemala,Meta Ads,Ya contactó con otra pasarela de pago,8
2026-05,Guatemala,Meta Ads,No tiene listo el negocio,8
2026-05,Guatemala,Meta Ads,No tiene regimen,10
2026-05,Guatemala,Meta Ads,Información plan FREE,2
2026-05,Guatemala,Meta Ads,No tiene plata suficiente para invertir,4
2026-05,Guatemala,Meta Ads,En Seguimiento,1
2026-05,Guatemala,Meta Ads,Necesita POS físico,4
2026-05,Guatemala,Meta Ads,Número Incorrecto,2
2026-05,El Salvador,Meta Ads,No Contactado,2
2026-05,El Salvador,Meta Ads,Contacto no calificado - Negocio Prohibido,1
2026-05,El Salvador,Meta Ads,No les interesa (Solo quieren Información),41
2026-05,El Salvador,Meta Ads,No contesta,57
2026-05,El Salvador,Meta Ads,Ya contactó con otra pasarela de pago,26
2026-05,El Salvador,Meta Ads,No tiene listo el negocio,1
2026-05,El Salvador,Meta Ads,SPAM,14
2026-05,El Salvador,Meta Ads,En Seguimiento,154
2026-05,El Salvador,Meta Ads,Número Incorrecto,10
2026-05,El Salvador,Meta Ads,No quiere aperturar cuenta en el banco atlantida,42
2026-05,El Salvador,Meta Ads,tasa de comisión muy alta Salv,51
2026-05,El Salvador,Meta Ads,En Seguimiento ICP,22
2026-06,,Página web,Contacto Duplicado,1
2026-06,Guatemala,Página web,No les interesa (Solo quieren Información),1
2026-06,Guatemala,Página web,No contesta,1
2026-06,Guatemala,Chat / WhatsApp,No contesta,4
2026-06,Guatemala,Cliente se comunicó,No contesta,1
2026-06,Guatemala,Meta Ads,Contacto no calificado,1
2026-06,Guatemala,Meta Ads,Contacto no calificado - Negocio Prohibido,2
2026-06,Guatemala,Meta Ads,No les interesa (Solo quieren Información),59
2026-06,Guatemala,Meta Ads,No contesta,90
2026-06,Guatemala,Meta Ads,Contacto Duplicado,6
2026-06,Guatemala,Meta Ads,Ya contactó con otra pasarela de pago,2
2026-06,Guatemala,Meta Ads,No tiene listo el negocio,13
2026-06,Guatemala,Meta Ads,No tiene regimen,41
2026-06,Guatemala,Meta Ads,SPAM,10
2026-06,Guatemala,Meta Ads,Información plan FREE,3
2026-06,Guatemala,Meta Ads,No tiene plata suficiente para invertir,7
2026-06,Guatemala,Meta Ads,En Seguimiento,1
2026-06,Guatemala,Meta Ads,Necesita POS físico,3
2026-06,Guatemala,Meta Ads,Número Incorrecto,15
2026-06,Guatemala,Meta Ads,no tiene NIT,12
2026-06,Guatemala,Meta Ads,piensa que damos créditos,15
2026-06,El Salvador,Página web,No contesta,1
2026-06,El Salvador,Meta Ads,No les interesa (Solo quieren Información),73
2026-06,El Salvador,Meta Ads,No contesta,68
2026-06,El Salvador,Meta Ads,Ya contactó con otra pasarela de pago,12
2026-06,El Salvador,Meta Ads,No tiene listo el negocio,5
2026-06,El Salvador,Meta Ads,SPAM,8
2026-06,El Salvador,Meta Ads,En Seguimiento,66
2026-06,El Salvador,Meta Ads,El Salvador Seguimiento,1
2026-06,El Salvador,Meta Ads,Número Incorrecto,13
2026-06,El Salvador,Meta Ads,No quiere aperturar cuenta en el banco atlantida,88
2026-06,El Salvador,Meta Ads,tasa de comisión muy alta Salv,27
2026-06,El Salvador,Meta Ads,En Seguimiento ICP,18
2026-07,Guatemala,Llamada en Frio,No les interesa (Solo quieren Información),2
2026-07,Guatemala,Llamada en Frio,Contacto Duplicado,1
2026-07,Guatemala,Llamada en Frio,No tiene listo el negocio,1
2026-07,Guatemala,Página web,No contesta,1
2026-07,Guatemala,Cliente se comunicó,No contesta,2
2026-07,Guatemala,Meta Ads,Contacto no calificado,1
2026-07,Guatemala,Meta Ads,Contacto no calificado - Negocio Prohibido,1
2026-07,Guatemala,Meta Ads,No les interesa (Solo quieren Información),48
2026-07,Guatemala,Meta Ads,No contesta,47
2026-07,Guatemala,Meta Ads,Ya contactó con otra pasarela de pago,4
2026-07,Guatemala,Meta Ads,No tiene listo el negocio,6
2026-07,Guatemala,Meta Ads,No tiene regimen,28
2026-07,Guatemala,Meta Ads,SPAM,1
2026-07,Guatemala,Meta Ads,Información plan FREE,1
2026-07,Guatemala,Meta Ads,No tiene plata suficiente para invertir,2
2026-07,Guatemala,Meta Ads,En Seguimiento,2
2026-07,Guatemala,Meta Ads,Necesita POS físico,6
2026-07,Guatemala,Meta Ads,Número Incorrecto,3
2026-07,Guatemala,Meta Ads,no tiene NIT,4
2026-07,Guatemala,Meta Ads,piensa que damos créditos,3
2026-07,El Salvador,Referido,Contacto Duplicado,1
2026-07,El Salvador,Meta Ads,No les interesa (Solo quieren Información),47
2026-07,El Salvador,Meta Ads,No contesta,66
2026-07,El Salvador,Meta Ads,Ya contactó con otra pasarela de pago,3
2026-07,El Salvador,Meta Ads,No tiene listo el negocio,5
2026-07,El Salvador,Meta Ads,SPAM,1
2026-07,El Salvador,Meta Ads,No tiene plata suficiente para invertir,1
2026-07,El Salvador,Meta Ads,En Seguimiento,15
2026-07,El Salvador,Meta Ads,Número Incorrecto,8
2026-07,El Salvador,Meta Ads,No quiere aperturar cuenta en el banco atlantida,70
2026-07,El Salvador,Meta Ads,tasa de comisión muy alta Salv,45
2026-07,El Salvador,Meta Ads,En Seguimiento ICP,2
2026-08,,Página web,,1
2026-08,,Página web,Contacto Duplicado,1
2026-08,Guatemala,Página web,Pre Calificado,16
2026-08,Guatemala,Página web,Contacto ya es Cliente - Requiere Soporte,1
2026-08,Guatemala,Página web,No contesta,5
2026-08,Guatemala,Página web,Sin Datos,1
2026-08,Guatemala,Página web,Contacto Duplicado,4
2026-08,Guatemala,Página web,Ya contactó con otra pasarela de pago,2
2026-08,Guatemala,Página web,SPAM,3
2026-08,Guatemala,Página web,Información plan FREE,1
2026-08,Guatemala,Página web,En Seguimiento,2
2026-08,Guatemala,Cliente se comunicó,No les interesa (Solo quieren Información),1
2026-08,Guatemala,Cliente se comunicó,No tiene regimen,1
2026-08,Guatemala,Meta Ads,No Contactado,1
2026-08,Guatemala,Meta Ads,Contacto no calificado - Negocio Prohibido,3
2026-08,Guatemala,Meta Ads,No les interesa (Solo quieren Información),37
2026-08,Guatemala,Meta Ads,No contesta,41
2026-08,Guatemala,Meta Ads,Contacto Duplicado,2
2026-08,Guatemala,Meta Ads,Ya contactó con otra pasarela de pago,5
2026-08,Guatemala,Meta Ads,No tiene listo el negocio,5
2026-08,Guatemala,Meta Ads,No tiene regimen,13
2026-08,Guatemala,Meta Ads,En Seguimiento,44
2026-08,Guatemala,Meta Ads,Necesita POS físico,8
2026-08,Guatemala,Meta Ads,Número Incorrecto,2
2026-08,Guatemala,Meta Ads,tasa de comisión muy alta Salv,1
2026-08,El Salvador,Página web,,1
2026-08,El Salvador,Meta Ads,No les interesa (Solo quieren Información),3
2026-08,El Salvador,Meta Ads,No contesta,2
2026-08,El Salvador,Meta Ads,No tiene listo el negocio,1
2026-08,El Salvador,Meta Ads,En Seguimiento,55
2026-08,El Salvador,Meta Ads,El Salvador Seguimiento,11
2026-08,El Salvador,Meta Ads,Número Incorrecto,4
2026-09,,Página web,,1
2026-09,Guatemala,Página web,Pre Calificado,3
2026-09,Guatemala,Página web,Ya contactó con otra pasarela de pago,1
2026-09,Guatemala,Página web,En Seguimiento,2
2026-09,Guatemala,Chat / WhatsApp,En Seguimiento,1
2026-09,Guatemala,Meta Ads,No Contactado,4
2026-09,Guatemala,Meta Ads,Contacto no calificado - Negocio Prohibido,1
2026-09,Guatemala,Meta Ads,No les interesa (Solo quieren Información),5
2026-09,Guatemala,Meta Ads,No contesta,4
2026-09,Guatemala,Meta Ads,No tiene regimen,3
2026-09,Guatemala,Meta Ads,En Seguimiento,29
2026-09,Guatemala,Meta Ads,Necesita POS físico,1
2026-09,Guatemala,Meta Ads,Número Incorrecto,1
2026-09,El Salvador,Página web,,1
2026-09,El Salvador,Meta Ads,No Contactado,8
2026-09,El Salvador,Meta Ads,No les interesa (Solo quieren Información),9
2026-09,El Salvador,Meta Ads,Ya contactó con otra pasarela de pago,3
2026-09,El Salvador,Meta Ads,No tiene listo el negocio,2
2026-09,El Salvador,Meta Ads,En Seguimiento,41
2026-09,El Salvador,Meta Ads,No quiere aperturar cuenta en el banco atlantida,1
